time,actual_x,actual_y,actual_z,expected_x,expected_y,expected_z
60436,2.422960042953491,3.4342193603515625,-0.0818995013833046,0.0,0.0,0.0
60536,2.4357986450195312,3.4397544860839844,-0.08295232057571411,0.0,0.0,0.0
60636,2.412476062774658,3.427065372467041,-0.08074785023927689,0.0,0.0,0.0
60736,2.41666579246521,3.4296579360961914,-0.08436065912246704,0.0,0.0,0.0
60836,2.4135310649871826,3.4329681396484375,-0.0812697485089302,0.0,0.0,0.0
60936,2.4111125469207764,3.429888963699341,-0.07884678989648819,0.0,0.0,0.0
61036,2.414191484451294,3.4372456073760986,-0.07937910407781601,0.0,0.0,0.0
61136,2.4096643924713135,3.4359893798828125,-0.08025982975959778,0.0,0.0,0.0
61236,2.4113693237304688,3.4388835430145264,-0.07853183895349503,0.0,0.0,0.0
61336,2.4038801193237305,3.440131902694702,-0.08088596165180206,0.0,0.0,0.0
61436,2.4011919498443604,3.4407036304473877,-0.08017571270465851,2.4065842628479004,3.4401333332061768,-0.08180586993694305
61536,2.389298439025879,3.439723253250122,-0.08111556619405746,2.4065842628479004,3.4401333332061768,-0.08117812126874924
61636,2.3804895877838135,3.4395179748535156,-0.07896799594163895,2.4065842628479004,3.4401333332061768,-0.07862890511751175
61736,2.3803865909576416,3.437750816345215,-0.08122073858976364,2.4065842628479004,3.4401333332061768,-0.07245099544525146
61836,2.3749048709869385,3.438582181930542,-0.07670421898365021,2.4065842628479004,3.4401333332061768,-0.06094843149185181
61936,2.3624589443206787,3.4320712089538574,-0.08046308159828186,2.4065842628479004,3.4401333332061768,-0.04271135851740837
62036,2.3619229793548584,3.43271803855896,-0.08106312155723572,2.4065842628479004,3.4401333332061768,-0.016813885420560837
62136,2.3595540523529053,3.4323580265045166,-0.07373186945915222,2.4065842628479004,3.4401333332061768,0.017084363847970963
62236,2.3589534759521484,3.434722900390625,-0.07054205983877182,2.4065842628479004,3.4401333332061768,0.05870571359992027
62336,2.3697776794433594,3.4426722526550293,-0.06254248321056366,2.4065842628479004,3.4401333332061768,0.10716823488473892
62436,2.390418529510498,3.4466679096221924,-0.05154688283801079,2.4065842628479004,3.4401333332061768,0.1610516756772995
62536,2.431743860244751,3.4489362239837646,-0.05412119999527931,2.4065842628479004,3.4401333332061768,0.21855054795742035
62636,2.4811296463012695,3.4405763149261475,-0.059127580374479294,2.4065845012664795,3.4401333332061768,0.2775716483592987
62736,2.519791603088379,3.4263949394226074,-0.05852080509066582,2.4065845012664795,3.4401333332061768,0.33588629961013794
62836,2.551487684249878,3.4074859619140625,-0.03814763203263283,2.4065845012664795,3.4401333332061768,0.39136072993278503
62936,2.5741665363311768,3.3923802375793457,-0.002578851068392396,2.4065845012664795,3.4401330947875977,0.4420444369316101
63036,2.574552297592163,3.3787214756011963,0.03247690573334694,2.4065845012664795,3.4401330947875977,0.4863515794277191
63136,2.549381971359253,3.3642332553863525,0.08169017732143402,2.4065845012664795,3.4401330947875977,0.5232078433036804
63236,2.5000762939453125,3.3568596839904785,0.1382308453321457,2.4065845012664795,3.4401330947875977,0.5520967245101929
63336,2.4568045139312744,3.3611555099487305,0.1976521909236908,2.4065845012664795,3.4401330947875977,0.5731242895126343
63436,2.4144175052642822,3.364734649658203,0.26954615116119385,2.4065845012664795,3.4401328563690186,0.5870075821876526
63536,2.3744843006134033,3.3827414512634277,0.3389364778995514,2.4065845012664795,3.4401328563690186,0.5949905514717102
63636,2.352670669555664,3.3987395763397217,0.4183819890022278,2.4065842628479004,3.4401326179504395,0.5986913442611694
63736,2.3601086139678955,3.388368606567383,0.48731371760368347,2.4065840244293213,3.4401323795318604,0.5998534560203552
63836,2.3815011978149414,3.37729549407959,0.5483792424201965,2.406583786010742,3.4401321411132812,0.5999988317489624
63936,2.3972384929656982,3.3601016998291016,0.5969828367233276,2.406583786010742,3.4401321411132812,0.5999996662139893
64036,2.4086413383483887,3.350267171859741,0.6432368159294128,2.406583786010742,3.4401321411132812,0.5999996662139893
64136,2.4245519638061523,3.3440873622894287,0.6683756113052368,2.406583786010742,3.4401321411132812,0.5999996662139893
64236,2.4340860843658447,3.348280906677246,0.6842681169509888,2.406583786010742,3.4401321411132812,0.5999996662139893
64336,2.4553353786468506,3.3630211353302,0.6749259233474731,2.406583786010742,3.4401321411132812,0.5999996662139893
64436,2.475240468978882,3.3748719692230225,0.6648501753807068,2.406583786010742,3.4401321411132812,0.5999996662139893
64536,2.489513635635376,3.3868227005004883,0.6407806873321533,2.406583786010742,3.4401321411132812,0.5999996662139893
64636,2.4891650676727295,3.404975652694702,0.5939005613327026,2.406583786010742,3.4401321411132812,0.5999996662139893
64736,2.4789748191833496,3.4272608757019043,0.5670629739761353,2.406583786010742,3.4401321411132812,0.5999996662139893
64836,2.478778839111328,3.432396650314331,0.5270276069641113,2.406583786010742,3.4401321411132812,0.5999996662139893
64936,2.4772839546203613,3.4268147945404053,0.49023017287254333,2.4065635204315186,3.440110921859741,0.5999996662139893
65036,2.4782676696777344,3.413372755050659,0.46387967467308044,2.4061849117279053,3.43971848487854,0.5999996662139893
65136,2.482109785079956,3.3954062461853027,0.45808669924736023,2.4045515060424805,3.4380247592926025,0.5999996662139893
65236,2.4915661811828613,3.3821730613708496,0.47461286187171936,2.4004249572753906,3.4337453842163086,0.5999996662139893
65336,2.4855997562408447,3.3886098861694336,0.5086351633071899,2.3924522399902344,3.4254777431488037,0.5999996662139893
65436,2.4823431968688965,3.3839595317840576,0.5386706590652466,2.3793532848358154,3.4118940830230713,0.5999996662139893
65536,2.497328042984009,3.3742384910583496,0.5834153890609741,2.360058546066284,3.391885280609131,0.5999996662139893
65636,2.5106372833251953,3.356865167617798,0.6216787099838257,2.333803415298462,3.3646585941314697,0.599999725818634
65736,2.5178568363189697,3.343245506286621,0.653927743434906,2.300198793411255,3.329810380935669,0.599999725818634
65836,2.5327000617980957,3.3159079551696777,0.6688540577888489,2.2592406272888184,3.287336587905884,0.599999725818634
65936,2.548675775527954,3.2756834030151367,0.6559322476387024,2.2113211154937744,3.2376437187194824,0.599999725818634
66036,2.5470938682556152,3.2368743419647217,0.6456288695335388,2.1572344303131104,3.1815555095672607,0.5999997854232788
66136,2.524733781814575,3.199765920639038,0.6402995586395264,2.0980801582336426,3.1202123165130615,0.5999997854232788
66236,2.481999397277832,3.166680335998535,0.6281552314758301,2.03523325920105,3.055039644241333,0.5999998450279236
66336,2.4134998321533203,3.135056734085083,0.6192065477371216,1.9702630043029785,2.9876651763916016,0.5999998450279236
66436,2.3336808681488037,3.106611490249634,0.6191642880439758,1.9048550128936768,2.91983699798584,0.5999999046325684
66536,2.2482986450195312,3.071560859680176,0.6224674582481384,1.8407028913497925,2.8533108234405518,0.5999999046325684
66636,2.150486469268799,3.0406501293182373,0.6273379921913147,1.779453992843628,2.789795398712158,0.5999999642372131
66736,2.0599000453948975,3.0097098350524902,0.6259196996688843,1.7225757837295532,2.7308127880096436,0.5999999642372131
66836,1.9696247577667236,2.9669687747955322,0.628028392791748,1.6713566780090332,2.6776981353759766,0.6000000238418579
66936,1.883301854133606,2.930105686187744,0.6378052234649658,1.626707911491394,2.631397008895874,0.6000000238418579
67036,1.8081529140472412,2.8923017978668213,0.6429539322853088,1.5892646312713623,2.592569589614868,0.6000000834465027
67136,1.7374608516693115,2.8561558723449707,0.6598158478736877,1.5592259168624878,2.561417818069458,0.6000000834465027
67236,1.6970350742340088,2.8095924854278564,0.666344165802002,1.5363954305648804,2.5377438068389893,0.6000000834465027
67336,1.6674885749816895,2.7508809566497803,0.6799849271774292,1.5202043056488037,2.5209522247314453,0.6000000834465027
67436,1.651764988899231,2.7019150257110596,0.6795796155929565,1.5097242593765259,2.5100860595703125,0.6000000834465027
67536,1.6364690065383911,2.6607086658477783,0.6881198883056641,1.5042122602462769,2.504369020462036,0.6000000238418579
67636,1.631201982498169,2.63438081741333,0.6829521059989929,1.5011881589889526,2.5012333393096924,0.6000000238418579
67736,1.6230837106704712,2.6114795207977295,0.683282732963562,1.5001623630523682,2.5001704692840576,0.5999999642372131
67836,1.6229679584503174,2.599031448364258,0.6825149655342102,1.5000005960464478,2.4999988079071045,0.5999999046325684
67936,1.620527982711792,2.5959105491638184,0.6783056855201721,1.4999936819076538,2.4999983310699463,0.5999999046325684
68036,1.6147640943527222,2.5936391353607178,0.6738911271095276,1.4999936819076538,2.4999983310699463,0.5999999046325684
68136,1.6026793718338013,2.5886142253875732,0.673454761505127,1.4999936819076538,2.4999983310699463,0.5999999046325684
68236,1.5852688550949097,2.5754687786102295,0.6705354452133179,1.4999936819076538,2.4999983310699463,0.5999999046325684
68336,1.566768765449524,2.56455659866333,0.6640845537185669,1.4999936819076538,2.4999983310699463,0.5999999046325684
68436,1.5447033643722534,2.5419528484344482,0.6592943668365479,2.6636099815368652,2.5,0.6000000834465027
68536,1.523681640625,2.5152080059051514,0.6493669748306274,2.6971614360809326,2.5810396671295166,0.6000000238418579
68636,1.5173742771148682,2.486241340637207,0.6360047459602356,2.6885242462158203,2.664914131164551,0.6000000238418579
68736,1.5388528108596802,2.46506667137146,0.6301051378250122,2.6740434169769287,2.747833728790283,0.6000000238418579
68836,1.604170560836792,2.4637022018432617,0.6180189847946167,2.6538825035095215,2.8291656970977783,0.6000000238418579
68936,1.6972825527191162,2.489379644393921,0.6222864389419556,2.6279520988464355,2.9093096256256104,0.6000000238418579
69036,1.8155512809753418,2.5375783443450928,0.6417655944824219,2.596499443054199,2.9873430728912354,0.6000000238418579
69136,1.941683292388916,2.6044955253601074,0.6681302785873413,2.5597031116485596,3.0629005432128906,0.6000000238418579
69236,2.0643701553344727,2.6794352531433105,0.7076945900917053,2.5178370475769043,3.1354663372039795,0.6000000238418579
69336,2.1756789684295654,2.758303642272949,0.7517463564872742,2.470757484436035,3.2053005695343018,0.6000000238418579
69436,2.2689459323883057,2.8329198360443115,0.7859852313995361,2.4191529750823975,3.271350145339966,0.6000000238418579
69536,2.3422014713287354,2.8963236808776855,0.8109171390533447,2.3628807067871094,3.333836793899536,0.6000000238418579
69636,2.383129596710205,2.9570679664611816,0.8200839757919312,2.302447557449341,3.3921430110931396,0.6000000238418579
69736,2.391740083694458,3.0087475776672363,0.8177074193954468,2.238036632537842,3.446117639541626,0.6000000238418579
69836,2.3665292263031006,3.052504062652588,0.8087522983551025,2.170027017593384,3.4954352378845215,0.6000000238418579
69936,2.31915545463562,3.0933432579040527,0.7909042239189148,2.098586320877075,3.5399739742279053,0.6000000238418579
70036,2.2501423358917236,3.130815267562866,0.7664835453033447,2.024585723876953,3.5791895389556885,0.6000000238418579
70136,2.173341989517212,3.1714658737182617,0.7390525341033936,1.9475226402282715,3.613367795944214,0.6000000238418579
70236,2.1003899574279785,3.2191312313079834,0.7183673977851868,1.8686153888702393,3.6419239044189453,0.6000000238418579
70336,2.0370593070983887,3.27021861076355,0.6944235563278198,1.787848949432373,3.6649081707000732,0.6000000238418579
70436,1.9789683818817139,3.3140950202941895,0.6685524582862854,1.7056126594543457,3.6821906566619873,0.6000000238418579
70536,1.9244710206985474,3.363632917404175,0.6539598107337952,1.6223132610321045,3.6936981678009033,0.6000000238418579
70636,1.8732997179031372,3.415677309036255,0.6453086137771606,1.5383352041244507,3.699345111846924,0.6000000238418579
70736,1.826736569404602,3.46608304977417,0.631164014339447,1.459572196006775,3.6991119384765625,0.5999999642372131
70836,1.7752997875213623,3.51017165184021,0.6134990453720093,1.3768929243087769,3.6934237480163574,0.6000000834465027
70936,1.7320080995559692,3.5428974628448486,0.6010096669197083,1.29335618019104,3.6818416118621826,0.5999999642372131
71036,1.6814277172088623,3.5606608390808105,0.6007546782493591,1.2106949090957642,3.66438627243042,0.5999999642372131
71136,1.6183083057403564,3.5748069286346436,0.6104627251625061,1.1300060749053955,3.64131236076355,0.5999999642372131
71236,1.528972864151001,3.5919370651245117,0.622855544090271,1.0511285066604614,3.6126465797424316,0.5999999642372131
71336,1.44102942943573,3.6018731594085693,0.6395851969718933,0.9751407504081726,3.5788581371307373,0.6000000834465027
71436,1.3289403915405273,3.6154379844665527,0.659395158290863,0.9006692171096802,3.539341926574707,0.5999999642372131
71536,1.2242202758789062,3.616224527359009,0.6677772998809814,0.8295624852180481,3.494952440261841,0.5999999642372131
71636,1.1365541219711304,3.616377830505371,0.6728932857513428,0.7616241574287415,3.4456276893615723,0.5999999642372131
71736,1.0599665641784668,3.608835458755493,0.6638574600219727,0.6971946358680725,3.3915865421295166,0.5999999642372131
71836,0.9985471367835999,3.6026833057403564,0.6405072808265686,0.6364436745643616,3.3328981399536133,0.5999999642372131
71936,0.9414324164390564,3.5855185985565186,0.621127188205719,0.5802972912788391,3.270458936691284,0.5999999642372131
72036,0.9039589166641235,3.56436824798584,0.6137202978134155,0.5285682082176208,3.204131841659546,0.5999999642372131
72136,0.8737292289733887,3.535674810409546,0.6121611595153809,0.48178112506866455,3.1345903873443604,0.5999999642372131
72236,0.8478325605392456,3.490403652191162,0.6216695308685303,0.4398505687713623,3.0617475509643555,0.5999999642372131
72336,0.8128674030303955,3.431527614593506,0.6338346004486084,0.40356385707855225,2.9870705604553223,0.6000000834465027
72436,0.7687237858772278,3.3632612228393555,0.6410039663314819,0.37201863527297974,2.9087672233581543,0.5999999642372131
72536,0.7188369631767273,3.287592649459839,0.642731249332428,0.34604835510253906,2.8284239768981934,0.5999999642372131
72636,0.6607570648193359,3.205256462097168,0.6521037817001343,0.3258647918701172,2.7467520236968994,0.5999999642372131
72736,0.6082394123077393,3.129850149154663,0.6479639410972595,0.31147193908691406,2.6639668941497803,0.5999999642372131
72836,0.5597760677337646,3.0541841983795166,0.6507600545883179,0.3029348850250244,2.58066725730896,0.5999999642372131
72936,0.5177233219146729,2.9812915325164795,0.6522372961044312,0.3002147078514099,2.496307611465454,0.5999999642372131
73036,0.4814518094062805,2.911740779876709,0.6512462496757507,0.30340808629989624,2.412447690963745,0.5999999642372131
73136,0.4563988745212555,2.8445496559143066,0.6363320350646973,0.31245943903923035,2.328994035720825,0.5999999642372131
73236,0.4389907717704773,2.7750141620635986,0.6195120811462402,0.32728490233421326,2.246577262878418,0.5999999642372131
73336,0.42814162373542786,2.7036924362182617,0.6139175891876221,0.3479015827178955,2.165104389190674,0.5999999642372131
73436,0.4241642653942108,2.631608724594116,0.6045767664909363,0.3741883337497711,2.0852210521698,0.5999999642372131
73536,0.4224998950958252,2.5536437034606934,0.6011868715286255,0.40595951676368713,2.0074844360351562,0.5999999642372131
73636,0.41258031129837036,2.45538067817688,0.6239181160926819,0.443232923746109,1.9318773746490479,0.5999999642372131
73736,0.39976534247398376,2.3488245010375977,0.6533793807029724,0.48557189106941223,1.8593313694000244,0.5999999642372131
73836,0.39014682173728943,2.2636358737945557,0.6521688103675842,0.526422917842865,1.7993037700653076,0.5999997854232788
73936,0.3866202235221863,2.182080030441284,0.6179155707359314,0.5781619548797607,1.7324895858764648,0.5999997854232788
74036,0.38674047589302063,2.108060359954834,0.5753834247589111,0.6337990760803223,1.6702114343643188,0.5999997854232788
74136,0.39846089482307434,2.0582115650177,0.52379310131073,0.6939374208450317,1.6116890907287598,0.5999997854232788
74236,0.42139574885368347,2.015717029571533,0.47477987408638,0.7580392956733704,1.5574911832809448,0.5999997854232788
74336,0.46075353026390076,1.9650667905807495,0.43287283182144165,0.8258665204048157,1.507836103439331,0.5999997854232788
74436,0.5096613764762878,1.903984546661377,0.4168134033679962,0.8964734077453613,1.4633837938308716,0.599999725818634
74536,0.5644035339355469,1.8488482236862183,0.42023995518684387,0.9720479249954224,1.4228960275650024,0.5999998450279236
74636,0.6121461987495422,1.7660406827926636,0.4901953339576721,1.0478500127792358,1.388951301574707,0.5999997854232788
74736,0.6730454564094543,1.669801115989685,0.5670502185821533,1.1274375915527344,1.3597824573516846,0.5999997854232788
74836,0.7432616353034973,1.5734645128250122,0.6219131946563721,1.2085366249084473,1.3363959789276123,0.5999997854232788
74936,0.8241069316864014,1.4923678636550903,0.6543405652046204,1.2904821634292603,1.3188931941986084,0.5999997854232788
75036,0.8975943326950073,1.434835433959961,0.6620028614997864,1.3735884428024292,1.3071262836456299,0.5999997854232788
75136,0.9629222750663757,1.4030654430389404,0.651475727558136,1.4573447704315186,1.301209807395935,0.5999997854232788
75236,1.018471121788025,1.3794745206832886,0.6536840200424194,1.5396292209625244,1.301139235496521,0.6000000834465027
75336,1.0748202800750732,1.3643673658370972,0.6440010070800781,1.6249562501907349,1.3069863319396973,0.5999998450279236
75436,1.129643440246582,1.3573474884033203,0.6365146636962891,1.708611249923706,1.3187249898910522,0.5999997854232788
75536,1.1843053102493286,1.3432830572128296,0.6385273337364197,1.7903069257736206,1.336107611656189,0.5999997854232788
75636,1.2444638013839722,1.3258429765701294,0.6463103890419006,1.8711724281311035,1.35931396484375,0.5999997854232788
75736,1.3073350191116333,1.3054097890853882,0.6584188342094421,1.95113205909729,1.388487458229065,0.5999998450279236
75836,1.3745839595794678,1.2878607511520386,0.6728200912475586,2.024482011795044,1.421237826347351,0.6000000834465027
75936,1.4506486654281616,1.2730084657669067,0.6825954914093018,2.101728916168213,1.4622881412506104,0.5999998450279236
76036,1.5352054834365845,1.268477439880371,0.6903501749038696,2.1727755069732666,1.5068514347076416,0.5999997854232788
76136,1.6090919971466064,1.2719415426254272,0.7084420919418335,2.239821195602417,1.5557570457458496,0.5999997854232788
76236,1.675341010093689,1.2927829027175903,0.7206500768661499,2.3047804832458496,1.6104495525360107,0.5999998450279236
76336,1.7460851669311523,1.3192222118377686,0.7172796726226807,2.3655664920806885,1.6694530248641968,0.5999998450279236
76436,1.8176296949386597,1.3512190580368042,0.7010802626609802,2.4214911460876465,1.7319631576538086,0.5999998450279236
76536,1.8977010250091553,1.3864290714263916,0.678122878074646,2.472973346710205,1.7983357906341553,0.5999998450279236
76636,1.9858118295669556,1.4349972009658813,0.659602701663971,2.519901752471924,1.8684626817703247,0.5999998450279236
76736,2.081650733947754,1.491112470626831,0.6423752903938293,2.561410665512085,1.941044807434082,0.5999998450279236
76836,2.1869606971740723,1.5452117919921875,0.6230897903442383,2.598078489303589,2.0170211791992188,0.5999998450279236
76936,2.2757809162139893,1.5990415811538696,0.6249463558197021,2.6291847229003906,2.095010757446289,0.5999998450279236
77036,2.3564321994781494,1.6555300951004028,0.6224316358566284,2.6547327041625977,2.174952983856201,0.5999998450279236
77136,2.413689136505127,1.7010122537612915,0.618069589138031,2.6713333129882812,2.242321491241455,0.5999996066093445
77236,2.4593513011932373,1.7639871835708618,0.6348760724067688,2.6865241527557373,2.3250327110290527,0.5999996066093445
77336,2.4857935905456543,1.8160643577575684,0.6364762187004089,2.6958580017089844,2.408383369445801,0.5999996066093445
77436,2.500394344329834,1.864495873451233,0.6324500441551208,2.6993181705474854,2.492262125015259,0.5999996066093445
77536,2.511765956878662,1.9185128211975098,0.5991379618644714,2.696904420852661,2.576134204864502,0.5999996066093445
77636,2.549825429916382,2.0048673152923584,0.5461164116859436,2.6885600090026855,2.6604807376861572,0.5999996066093445
77736,2.5925698280334473,2.091265916824341,0.495937705039978,2.6745522022247314,2.7425496578216553,0.5999995470046997
77836,2.6175894737243652,2.1723759174346924,0.492179811000824,2.6544923782348633,2.8249571323394775,0.5999996066093445
77936,2.6532392501831055,2.265996217727661,0.4905821681022644,2.6289939880371094,2.9047434329986572,0.5999996066093445
78036,2.6791443824768066,2.3646864891052246,0.4950885474681854,2.5977559089660645,2.9831504821777344,0.5999996066093445
78136,2.692380666732788,2.472586154937744,0.5041118860244751,2.561452627182007,3.058361768722534,0.5999996066093445
78236,2.6799123287200928,2.5632593631744385,0.5298543572425842,2.5196030139923096,3.131556272506714,0.5999996066093445
78336,2.6524505615234375,2.6477317810058594,0.5612797737121582,2.472902774810791,3.2013561725616455,0.5999996066093445
78436,2.6144778728485107,2.733246088027954,0.5810739398002625,2.4217288494110107,3.267374038696289,0.5999996066093445
78536,2.5691142082214355,2.816852331161499,0.6010419130325317,2.364513635635376,3.3313405513763428,0.5999996662139893
78636,2.5267558097839355,2.8971893787384033,0.6112853288650513,2.305328369140625,3.388777017593384,0.6000000238418579
78736,2.5049116611480713,2.983133554458618,0.6141961812973022,2.241192102432251,3.4429149627685547,0.5999996066093445
78836,2.486302137374878,3.0534415245056152,0.6281894445419312,2.172182559967041,3.4932973384857178,0.5999996662139893
78936,2.4747939109802246,3.1164751052856445,0.6429412364959717,2.100548505783081,3.538212776184082,0.5999996662139893
79036,2.4581525325775146,3.168428897857666,0.6627510786056519,2.026885986328125,3.577444553375244,0.5999996066093445
79136,2.4297263622283936,3.216085433959961,0.6925853490829468,1.9497761726379395,3.611851930618286,0.5999996662139893
79236,2.392995834350586,3.260549306869507,0.7140651941299438,1.871301531791687,3.640472173690796,0.5999996066093445
79336,2.3382396697998047,3.304596424102783,0.7283632159233093,1.7901345491409302,3.6637556552886963,0.5999996662139893
79436,2.2696468830108643,3.352426767349243,0.7292445302009583,1.707186222076416,3.681344509124756,0.5999996662139893
79536,2.1909844875335693,3.4029905796051025,0.7219749093055725,1.624329924583435,3.6929357051849365,0.5999996662139893
79636,2.1068289279937744,3.464344024658203,0.7155465483665466,1.5401475429534912,3.698742628097534,0.5999996662139893
79736,2.0275650024414062,3.5286638736724854,0.7035519480705261,1.456750750541687,3.6986043453216553,0.5999996662139893
79836,1.9338936805725098,3.6020145416259766,0.6996435523033142,1.372226595878601,3.692608118057251,0.5999996662139893
79936,1.8298698663711548,3.681257486343384,0.6924821734428406,1.2893352508544922,3.6807620525360107,0.5999996662139893
80036,1.7430176734924316,3.7477643489837646,0.6976532936096191,1.2068002223968506,3.6630311012268066,0.5999996662139893
80137,1.671678900718689,3.792963981628418,0.6819166541099548,1.126681923866272,3.6398141384124756,0.5999996662139893
80236,1.5917820930480957,3.814595937728882,0.6758387684822083,1.0637054443359375,3.617077112197876,0.5999994277954102
80336,1.5194835662841797,3.8072245121002197,0.6699958443641663,0.9862500429153442,3.5836269855499268,0.5999994277954102
80436,1.4478733539581299,3.7681779861450195,0.6793510913848877,0.912007749080658,3.5452167987823486,0.5999993681907654
80536,1.367921233177185,3.7203145027160645,0.6741796135902405,0.8400132060050964,3.501326322555542,0.5999994277954102
80636,1.3035086393356323,3.6929616928100586,0.6383713483810425,0.771604061126709,3.452727794647217,0.5999994277954102
80736,1.2480894327163696,3.6586573123931885,0.6160234808921814,0.7067489624023438,3.399437189102173,0.5999994277954102
80836,1.1850390434265137,3.631377696990967,0.5952323079109192,0.6457803249359131,3.3417227268218994,0.5999994277954102
80936,1.1145960092544556,3.6126437187194824,0.5925877690315247,0.5889885425567627,3.2799510955810547,0.5999994277954102
81036,1.0502560138702393,3.597599744796753,0.58587247133255,0.536666989326477,3.214334011077881,0.5999994277954102
81136,0.9855545163154602,3.5765187740325928,0.5764172077178955,0.4885628819465637,3.1443727016448975,0.5999994277954102
81236,0.9147520065307617,3.5406603813171387,0.5626892447471619,0.44635459780693054,3.072756052017212,0.5999993681907654
81336,0.8361305594444275,3.4876973628997803,0.5510069131851196,0.40891018509864807,2.9977614879608154,0.5999994277954102
81436,0.7593113780021667,3.4230332374572754,0.5280131101608276,0.376311719417572,2.918999195098877,0.5999994874000549
81536,0.692361056804657,3.3521385192871094,0.5066940188407898,0.3498460352420807,2.839707136154175,0.5999994277954102
81636,0.6389592289924622,3.278102397918701,0.47781386971473694,0.3288160264492035,2.757979154586792,0.5999994277954102
81736,0.5839737057685852,3.2033863067626953,0.45784035325050354,0.313621461391449,2.6753287315368652,0.5999994277954102
81836,0.5351278781890869,3.133294105529785,0.43516674637794495,0.3042328357696533,2.591545820236206,0.5999994277954102
81936,0.4807834029197693,3.0705008506774902,0.41978201270103455,0.3007577359676361,2.508086681365967,0.5999994277954102
82036,0.4359281659126282,3.0089166164398193,0.4337652325630188,0.3031576871871948,2.4238126277923584,0.5999994277954102
82136,0.41213953495025635,2.9517979621887207,0.44644108414649963,0.3113682270050049,2.3406035900115967,0.5999994277954102
82236,0.39656490087509155,2.8829402923583984,0.47295913100242615,0.325443834066391,2.2578024864196777,0.5999994277954102
82336,0.3741849958896637,2.801990270614624,0.5058419704437256,0.34567177295684814,2.174811601638794,0.5999994874000549
82436,0.35333922505378723,2.7108423709869385,0.5491801500320435,0.3707695007324219,2.0961456298828125,0.5999994277954102
82536,0.3304244875907898,2.629953145980835,0.5930962562561035,0.40249642729759216,2.0165586471557617,0.5999994874000549
82636,0.317085325717926,2.545973300933838,0.6212068200111389,0.43882277607917786,1.941300868988037,0.5999994277954102
82736,0.31057071685791016,2.4579267501831055,0.6298123002052307,0.4807426929473877,1.8680483102798462,0.5999994874000549
82836,0.3061729371547699,2.375732421875,0.633804440498352,0.5272668600082397,1.798529863357544,0.5999994277954102
82936,0.3050498068332672,2.291574239730835,0.6422622203826904,0.5790960192680359,1.7317695617675781,0.5999994874000549
83036,0.3131375312805176,2.2064225673675537,0.6458635330200195,0.6355618834495544,1.6687394380569458,0.5999994874000549
83136,0.3416554927825928,2.122213840484619,0.6335732936859131,0.6957895755767822,1.6103136539459229,0.5999994874000549
83236,0.3911285102367401,2.0408949851989746,0.5903742909431458,0.7600608468055725,1.5562033653259277,0.5999994874000549
83336,0.45549097657203674,1.955741286277771,0.5592333674430847,0.8273858428001404,1.5071052312850952,0.5999994277954102
83437,0.5296937227249146,1.874704360961914,0.5248009562492371,0.8995449542999268,1.4618523120880127,0.5999994874000549
83536,0.601624608039856,1.8032124042510986,0.5024153590202332,0.9573429822921753,1.4304717779159546,0.5999992489814758
83636,0.6688910126686096,1.7173995971679688,0.5239859819412231,1.033413290977478,1.395195484161377,0.5999992489814758
83736,0.7285457849502563,1.636328935623169,0.566043496131897,1.112499475479126,1.365012288093567,0.5999993085861206
83836,0.7788065671920776,1.566884994506836,0.6144537925720215,1.1928972005844116,1.3406685590744019,0.5999992489814758
83936,0.8232797384262085,1.5043891668319702,0.6523686051368713,1.2747477293014526,1.3220373392105103,0.5999992489814758
84036,0.8707865476608276,1.450565218925476,0.6538742184638977,1.3569369316101074,1.3092604875564575,0.5999992489814758
84136,0.9269490838050842,1.4108091592788696,0.6450361609458923,1.440549612045288,1.302166223526001,0.5999992489814758
84236,0.9903551340103149,1.376497745513916,0.6331771016120911,1.5260194540023804,1.30099618434906,0.5999993681907654
84336,1.0621329545974731,1.3473782539367676,0.6292502880096436,1.6082550287246704,1.3055815696716309,0.5999999642372131
84436,1.138035774230957,1.3240652084350586,0.6333295702934265,1.6924266815185547,1.3162472248077393,0.5999993085861206
84536,1.224899172782898,1.302674412727356,0.6434280276298523,1.7737995386123657,1.33236563205719,0.5999992489814758
84636,1.311492919921875,1.2828470468521118,0.6528141498565674,1.8554961681365967,1.3546159267425537,0.5999993085861206
84736,1.39907968044281,1.2636183500289917,0.6667454242706299,1.9356287717819214,1.3826359510421753,0.5999993085861206
84836,1.4883836507797241,1.2492600679397583,0.6753262281417847,2.0135536193847656,1.416239857673645,0.5999993085861206
84936,1.578711748123169,1.234444260597229,0.6928746700286865,2.0883777141571045,1.4549388885498047,0.5999993085861206
85036,1.6729998588562012,1.2251840829849243,0.7053600549697876,2.1591968536376953,1.4981086254119873,0.5999992489814758
85136,1.7633509635925293,1.2374553680419922,0.7007724046707153,2.2284529209136963,1.547279715538025,0.5999993085861206
85236,1.8303985595703125,1.2631582021713257,0.6850181221961975,2.292536735534668,1.5998659133911133,0.5999992489814758
85336,1.8971776962280273,1.2904711961746216,0.6546608209609985,2.354017972946167,1.6580396890640259,0.5999993085861206
85437,1.9559563398361206,1.317407250404358,0.6251030564308167,2.411128044128418,1.7201699018478394,0.5999993085861206
85536,2.0224318504333496,1.3548393249511719,0.5949228405952454,2.463627576828003,1.7861204147338867,0.5999993085861206
85636,2.0849854946136475,1.388830542564392,0.5560325384140015,2.5113680362701416,1.8554258346557617,0.5999993085861206
85736,2.151794195175171,1.4132583141326904,0.5056763887405396,2.5539417266845703,1.927764654159546,0.5999993085861206
85836,2.2267701625823975,1.443939447402954,0.4719606935977936,2.5913302898406982,2.0027644634246826,0.5999993085861206
85936,2.2965922355651855,1.4850447177886963,0.4545617997646332,2.623487710952759,2.080474376678467,0.5999993085861206
86036,2.3616154193878174,1.5463272333145142,0.4569941461086273,2.6503119468688965,2.160842180252075,0.5999993085861206
86136,2.4117534160614014,1.6058605909347534,0.46341750025749207,2.6710591316223145,2.2413718700408936,0.5999993085861206
86236,2.4363861083984375,1.6654409170150757,0.49171724915504456,2.686412811279297,2.3249495029449463,0.5999993085861206
86336,2.475449323654175,1.737397313117981,0.5103071928024292,2.695769786834717,2.4084901809692383,0.5999993085861206
86436,2.517735719680786,1.8172844648361206,0.5229077339172363,2.6992316246032715,2.492324113845825,0.5999993085861206
86536,2.558976888656616,1.9048579931259155,0.5420688986778259,2.6968207359313965,2.576242208480835,0.5999993085861206
86636,2.6053757667541504,1.9799301624298096,0.575891375541687,2.6909430027008057,2.6429665088653564,0.599999189376831
86736,2.6426384449005127,2.056262969970703,0.6051824688911438,2.677851676940918,2.7265262603759766,0.599999189376831
86836,2.679370403289795,2.1278867721557617,0.6221960783004761,2.6593596935272217,2.807718515396118,0.599999189376831
86936,2.7035810947418213,2.2041547298431396,0.6353914141654968,2.634676218032837,2.8888561725616455,0.5999992489814758
87036,2.711263418197632,2.276533603668213,0.6443607807159424,2.6048314571380615,2.967071533203125,0.599999189376831
87136,2.7137978076934814,2.361534357070923,0.6438689231872559,2.5692849159240723,3.0435116291046143,0.599999189376831
87236,2.7135117053985596,2.4603898525238037,0.6349605321884155,2.528613805770874,3.1169915199279785,0.599999189376831
87336,2.714647054672241,2.568758010864258,0.6402255892753601,2.4829347133636475,3.1874632835388184,0.599999189376831
87436,2.7017765045166016,2.682154893875122,0.6571517586708069,2.432429552078247,3.2545182704925537,0.599999189376831
87536,2.6838974952697754,2.8020780086517334,0.6802802681922913,2.3773739337921143,3.3178889751434326,0.599999189376831
87636,2.656395435333252,2.9300642013549805,0.7002094388008118,2.31807017326355,3.3772385120391846,0.599999189376831
87736,2.634104013442993,3.0584216117858887,0.7046517729759216,2.2538235187530518,3.4329235553741455,0.5999992489814758
87836,2.6077864170074463,3.182936906814575,0.6904993653297424,2.186917781829834,3.483250856399536,0.599999189376831
87936,2.549259662628174,3.2860357761383057,0.7013543844223022,2.1160812377929688,3.5291523933410645,0.599999189376831
88036,2.4837160110473633,3.3658132553100586,0.710252583026886,2.042691469192505,3.569626808166504,0.599999189376831
88136,2.416151523590088,3.45194411277771,0.6863889694213867,1.9665906429290771,3.6050198078155518,0.599999189376831
88236,2.3383893966674805,3.5225448608398438,0.6530642509460449,1.8877609968185425,3.6350018978118896,0.599999189376831
88336,2.2568113803863525,3.5718538761138916,0.6270533800125122,1.807719349861145,3.6592373847961426,0.599999189376831
88436,2.1710832118988037,3.582028388977051,0.639754056930542,1.7468219995498657,3.6743223667144775,0.5999994277954102
88536,2.092935085296631,3.5882856845855713,0.648886501789093,1.7468219995498657,3.6743223667144775,0.5999180674552917
88636,2.024104118347168,3.586888313293457,0.6620346307754517,1.7468219995498657,3.6743223667144775,0.5993354916572571
88736,1.9628074169158936,3.593587875366211,0.66810142993927,1.7468219995498657,3.6743223667144775,0.597521185874939
88836,1.9083226919174194,3.6024863719940186,0.6656606793403625,1.7468219995498657,3.6743223667144775,0.5936005711555481
88936,1.8661772012710571,3.61747670173645,0.6537158489227295,1.7468219995498657,3.6743223667144775,0.5866896510124207
89036,1.8358268737792969,3.6309289932250977,0.6459650993347168,1.7468219995498657,3.6743223667144775,0.5760033130645752
89136,1.8209131956100464,3.6416165828704834,0.6460831761360168,1.7468219995498657,3.6743223667144775,0.5609270930290222
89236,1.822344422340393,3.648258924484253,0.647146999835968,1.7468219995498657,3.6743223667144775,0.5410829782485962
89336,1.8271782398223877,3.649068593978882,0.6522469520568848,1.7468219995498657,3.6743223667144775,0.516338050365448
89436,1.841295838356018,3.6514246463775635,0.6410465836524963,1.7468219995498657,3.6743223667144775,0.48682650923728943
89536,1.8627229928970337,3.651216506958008,0.6232576966285706,1.7468219995498657,3.6743226051330566,0.4529557526111603
89636,1.8821425437927246,3.643904447555542,0.6131793856620789,1.7468219995498657,3.6743226051330566,0.4153459966182709
89736,1.8503779172897339,3.658651828765869,0.6251516938209534,1.7468219995498657,3.6743226051330566,0.3748219311237335
89836,1.8258116245269775,3.669379949569702,0.6276699304580688,1.7468219995498657,3.6743228435516357,0.3323747515678406
89936,1.8017857074737549,3.6794748306274414,0.6155784726142883,1.7468218803405762,3.674323081970215,0.2890949249267578
90036,1.7853772640228271,3.6782329082489014,0.581439733505249,1.7468218803405762,3.674323320388794,0.25024551153182983
90136,1.788321614265442,3.6752829551696777,0.49772191047668457,1.7468218803405762,3.674323558807373,0.20845642685890198
90236,1.7909942865371704,3.674598217010498,0.3671534061431885,1.7468218803405762,3.6743240356445312,0.16900384426116943
90336,1.7852331399917603,3.683433771133423,0.23917290568351746,1.7468218803405762,3.6743245124816895,0.13281698524951935
90436,1.7847800254821777,3.6875226497650146,0.115009605884552,1.7468218803405762,3.6743249893188477,0.10065089911222458
90536,1.7777942419052124,3.688037157058716,0.014471259899437428,1.7468219995498657,3.674325704574585,0.07303956151008606
90636,1.7735718488693237,3.689164638519287,-0.025475000962615013,1.7468219995498657,3.6743266582489014,0.05028296634554863
90736,1.7920408248901367,3.688722610473633,-0.016085078939795494,1.7468219995498657,3.674327850341797,0.032399509102106094
90836,1.8197975158691406,3.6810598373413086,-0.018212493509054184,1.7468221187591553,3.6743290424346924,0.01916510798037052
90936,1.8432596921920776,3.6757400035858154,-0.01611141301691532,1.7468222379684448,3.674330472946167,0.010095525532960892
91036,1.8546888828277588,3.6746201515197754,-0.03389684855937958,1.7468223571777344,3.6743323802948,0.004499526694417
91136,1.8468290567398071,3.678941249847412,-0.055809177458286285,1.746822476387024,3.6743345260620117,0.0015402969438582659
91236,1.8045607805252075,3.6738812923431396,-0.08139574527740479,1.746822714805603,3.6743369102478027,0.0003269741137046367
91336,1.7615150213241577,3.6781094074249268,-0.1030806377530098,1.7468229532241821,3.674339771270752,2.1472420485224575e-05
91436,1.7325325012207031,3.6935856342315674,-0.10759324580430984,0.0,0.0,0.0
91536,1.7175203561782837,3.716080665588379,-0.11185082793235779,0.0,0.0,0.0
91636,1.713196873664856,3.7414541244506836,-0.1479586362838745,0.0,0.0,0.0
91736,1.7228105068206787,3.7542126178741455,-0.14883634448051453,0.0,0.0,0.0
91836,1.726388692855835,3.7625110149383545,-0.14806774258613586,0.0,0.0,0.0
